i|speak
balli
owl
wcat
bc|speak
headw
footheadw
cupfive
jamw
cupfivebc
sv|speak
wcat
ujamw
mujamw
ct|speak
ctt|speak
b|speak
cttb|speak
cttba
nw|speak
nwz|speak
nwzx|speak
nwzxu
chair
chair
chair
chew
cat
ca
ballcat
ballcat
ballcatl
ballcatlx
ballcatlxy
ballcatlxyz
x|speak
e|speak
xx|speak
exx
ic
icz
wa
iczwa
iczwad
en
iczwaden
am
boy
cat
m|speak
wcat
vwcat
black
vvwcat
svvwcat
ssvvwcat
lssvvwcat
lssvvwcatl
ucage
vm|speak
vmucage
qvmucage
ss|speak
ssqvmucage
sssqvmucage
bsssqvmucage
bsssqvmucage
lo
lo
lol
lola
u|speak
uv
uvn
kj|speak
bally
catbally
catboy
nw|speak
lo
nm|speak
nmlo
lnmlo
klnmlo
nwklnmlo
nwklnmlo
vnwklnmlo
chaircage
boyball
boyballaway
hew
c|speak
hew
chew
chaircagechew
usuala
usualusuala
t|speak
usualwing
usualwing
ng|speak
usualwi
ng|speak
ngusualwi
mo
mon
vn|speak
vnn|speak
vnnd|speak
vnnde
vnndemon
vw|speak
vw|speak
vnndemonvw
wx|speak
wxo
monvw
vnnde
monvw
usualusu
wxomonvw
wxomonvwala
usualusu
usualusu
u|speak
sualusu
sualusu
sualusu
usualusu
usualusu
vw|speak
vwngusualwi
musualusu
musualusu
mm|speak
mmmusualusu
mm|speak
mmm|speak
mm|speak
mmmmm|speak
mmmmmm|speak
mmmmmm|speak
mm|speak
mmmmmmmm|speak
mmmmmmmmm|speak
mmmmmmmmmm|speak
mmmmmmmmmmz|speak
mmmmmmmmmmz|speak
wxomonvwala
mmmusualusu
vwngusualwi
nn|speak
nnm|speak
mnnm|speak
mnnmm|speak
zz|speak
zzz|speak
zzzz|speak
zzzzz|speak
zzzzzz|speak
zzzzzzz|speak
zzzzzzzz|speak
zzzzzzzzz|speak
zzzzzzzzzz|speak
zzzzzzzzzzz|speak
mnnmm|speak
mnnmmy|speak
mnnmmyx|speak
mnnmmyxw|speak
wx|speak
mnnmmyxwwx|speak
mnnmmyxwwxx|speak
mnnmmyxwwxx|speak
zzzzzzzzzzz|speak
mmmmmmmmmmz|speak
wxomonvwala
mmmusualusu
vwngusualwi
uw
yz|speak
catv
yz|speak
uwr
v|speak
qy|speak
ju
ball
qyuwr
uv
zoov
juuv
juuvyz
usualjuuvyz
ballqyuwr
ballqyuwrx
wz|speak
wzr|speak
t|speak
ju
juball
zx|speak
catcage
uo|speak
a|speak
uoz
uw
uuoz
xuw
ball
ball
cat
boy
ballboy
ballboycat
boy
boyv
bluev
bluev
bluev
bluevv
bluevvw
bluevvwv
bluevvwvn
bluevvwvn
blue
vvwvn|speak
blue
blue
j|speak
u|speak
u|speak
ublue
jublue
blue
ju
blue
blue
blue
blue
vw|speak
vwz|speak
uvwz
uvwz
gogo
gogo
gogogo
gogogo
gogogo
away
cagev
boyball
home
icecat
icecatchair
cat
catball
catball
cage
p|speak
q|speak
if
coin
cupcat
v|speak
cupcat
eatcupcat
eatcupcat
eatcupcat
cup
turn
red
veatcupcat
three
three
red
put
she
the
turn
usual
usual
usual
three
uthe
utheturn
la
y|speak
y|speak
y|speak
yy|speak
xyy|speak
z|speak
xyyy|speak
utheturn
lachair
lachair
xyyy|speak
lachair
a|speak
ballu
jam
kite
eutheturn
owls
lachair
head
mlachair
cc|speak
mlachair
mlachair
ccxyyy|speak
ball
ballcat
ballcat
ballcatcage
ow
vz|speak
ii|speak
v|speak
z|speak
zi
iiv
viiv
catchair
viivcatchair
viivcatchair
away
z|speak
zi
zi
she
three
threecat
three
cat
thr|speak
ee|speak
thrcat
thrcatee
bal
l|speak
thrcateel
balw
balwx
cage
cage
ba
ll|speak
ba
ll|speak
vball
mvball
ca
t|speak
mvballt
mvballtca
away
theblue
xturn
xturn
xturn
xtur
n|speak
xtur
xtur
theblue
theblue
theblue
theblue
theblue
xtur
xtur
xturn
xturn
xturn
xturn
xturn
go
home
homeho
wx|speak
r|speak
v|speak
v|speak
v|speak
v|speak
w|speak
x|speak
x|speak
v|speak
ca
t|speak
cat
wing
wingcat
win
gcat
b|speak
all
bwin
allgcat
lallgcat
allgcat
kl|speak
she
three
threecat
three
cat
thr|speak
ee|speak
thrcat
thrcatee
bal
l|speak
thrcateel
balw
balwx
ballcat
zq|speak
zqx|speak
zqxm|speak
zqxmboy
zqxmboyn
bluezqxmboyn
wblack
arm
ballcat
ballcato
ballcatoy
ballcatoyz
vballcatoyz
inboy
cagego
jamchew
cagechair
kite
vballcatoyz
vballcatoyz
cagechair
do
cagegodo
cagechaird
bjamchew
lcagegodo
blackinboy
vbjamchew
cagechaird
catball
catb
all
cagecatb
cagecatball
cageca
tball
cagecacage
cagecage
cagecagecage
cagecage
cagecagecage
boyboy
boy
boyboycage
boyboy
boy
boyboyboy
boyboyboy
boyboyboycage
boyboyboyboy
blueboyboyboycage
blackboyboyboyboy
blackboyboyboyboy
blackboyboyboyboy
blueboyboyboycage
blueboyboyboycage
blueboyboyboycage
blueboyboyboycage
catball
cagecatball
cagecatball
vu
vuw
vuwy
vuwye
vuwyef
vuwyefg
vuwyefgr
r|speak
zvuwyefgr
ozvuwyefgr
boyboy
boy
boyboyboy
catcat
catcatcat
catcatcatcat
catcatcatcatcat
catcatcatcatcatcat
catcatcatcatcatcatcat
catcatcatcatcatcatcat
chairchair
chairchairchair
catcatcatcatcatcatcatcat
catchairchairchair
s|speak
scatchairchairchair
ca
blac
k|speak
cak
ak
c|speak
ak
jak
jakc
ja
kc|speak
k|speak
c|speak
c|speak
c|speak
ck|speak
ack
jack
jack
jacks
jacks
p|speak
jackso
jackson
jacksonl
jjacksonl
blueboy
blueboy
blueboy
chair
chew
chew
an
ani
anim
anima
animal
animals
animals
vanimals
boyvanimals
boyvanimals
boyvanimals
cageboyvanimals
cageboyvanimals
away
awaycageboyvanimals
awaycageboyvanimals
ak
aku
akuu
akuuu
akuuuu
akuuuuu
akuuuuuu
uawaycageboyvanimals
akuuuuuuuawaycageboyvanimals
akuuuuuu
uawaycageboyvanimals
uuawaycageboyvanimals
uuuawaycageboyvanimals
uuuuawaycageboyvanimals
uuuuuawaycageboyvanimals
uuuuuuawaycageboyvanimals
akuuuuuuuuuuuuawaycageboyvanimals
nw|speak
nw|speak
nwy|speak
nwyakuuuuuuuuuuuuawaycageboyvanimals
queennwyakuuuuuuuuuuuuawaycageboyvanimals
queenqueennwyakuuuuuuuuuuuuawaycageboyvanimals
queenqueenqueennwyakuuuuuuuuuuuuawaycageboyvanimals
queen
queenqueenqueenqueennwyakuuuuuuuuuuuuawaycageboyvanimals
threequeenqueenqueenqueennwyakuuuuuuuuuuuuawaycageboyvanimals
vx|speak
vxq|speak
yz|speak
vxqyz|speak
vxqyzthreequeenqueenqueenqueennwyakuuuuuuuuuuuuawaycageboyvanimals
nx|speak
wnx|speak
wnxx|speak
wwnxx|speak
wwnxxx|speak
xwwnxxx|speak
wxwwnxxx|speak
uwxwwnxxx
uuwxwwnxxx
uuuwxwwnxxx
uuuwxwwnxxx
suresure
uuuwxwwnxxx
uuuwxwwnxxx
uuuwxwwnxxxsuresure
sureuuuwxwwnxxxsuresure
ball
ballcat
cageboy
black
arm
cage
st|speak
sst|speak
ballo
boyballo
boyboy
boyboyboy
wx|speak
wxy|speak
zwxy|speak
qzwxy|speak
qqzwxy|speak
catq
zqqzwxy|speak
zzqqzwxy|speak
ozzqqzwxy
blueozzqqzwxy
catqblue
icatqblue
icatqbluearm
icatqbluearm
icatqbluearm
uu|speak
boycat
boycat
uuboycat
boyuuboycat
cageboyuuboycat
boycage
bluecage
ball
zoo
vboycage
bluecage
blue
vboycage
ballball
ballball
ballballball
awayaway
mf|speak
mff|speak
zoomff
zoozoomff
wingwing
catball
boyblue
b|speak
oyblue
bcatball
o|speak
yblue
obcatball
yblue
ballcat
lp|speak
mlp|speak
mlpm|speak
nmlpm|speak
nmlpmp|speak
nmlpmpballcat
nmlpm|speak
pballcat
pballcat
w|speak
mm|speak
nc|speak
nmlpmnc|speak
ll|speak
llmm|speak
nmlpmncllmm|speak
nmlpmncllmm|speak
nmlpmncllmm|speak
pballcat
pballcat
nmlpmncllmm|speak
zoo
zoo
armzoo
zoozoo
zoozoozoo
armaway
zoozoozoo
zo
o|speak
zoozoozooo
zoozoozooozo
zoozoozooozo
zoozoozooozo
armaway
armaway
sheshe
su
uo|speak
surehome
eatsheshe
surehomesu
eatsheshel
uo|speak
eatshesheluo
mn|speak
earowl
chairblack
eatblue
catwing
threeboy
threeboyowl
threeboyowl
ll|speak
ba
ll|speak
baca
ll|speak
bacat
bac
at
at
a|speak
t|speak
b|speak
a|speak
c|speak
llc|speak
l|speak
lc|speak
t|speak
cat
chaircage
la
chaircagea
eareat
bcage
cup
scage
boyboy
cageeareat
scaget
black
cagescaget
boyboyboy
blue
cageblue
usualwing
wingi
armwingi
armwingi
zoo
zoozoo
zoozoo
zoo
zoozoo
zoowing
wingzoowing
wingzoowing
wingzoowing
wingzoowing
cv|speak
mu
sk|speak
dv|speak
mn|speak
l|speak
mndv|speak
cvmndv|speak
jcvmndv|speak
zoot
lx|speak
l|speak
lxb|speak
xmu
jcvmndvlxb|speak
xmus
jcvmndvlxbo
kzoot
skkzoot
zoo
wingzoo
wingwingzoo
awaywing
arm
zooaway
zooawayblack
zooawayblack
zooawayblack
zooawayblack
zx|speak
yballaway
rarm
blueblack
cageblue
rarmzx
black
boy
boy
cageblue
black
cageblue
boy
boyboy
awayrarmzx
yballaway
boyboy
chewblack
chewblack
yballaway
chewblack
chewblack
chewblack
wo
wo
woear
isin
icewoear
eatisin
ball
ball
ball
cat
ballcat
ballcat
uz
uza
dl|speak
dlv|speak
dlv|speak
dlv|speak
dlvuza
dlvuza
boyboy
boyboy
boyboy
zoozoo
zoo
zoo
zoo
zoo
zoo
zoozoo
ball
ball
catz
away
blueball
away
catz
catz
turn
blueball
uqueen
awayz
ouqueen
dblueball
c|speak
wing
wouqueen
cj|speak
v|speak
n|speak
zoo
wouqueencj
v|speak
cagecat
q|speak
qh|speak
k|speak
b|speak
cat
cagecatball
boy
cat
ball
ba
ll|speak
ball
sc|speak
sc|speak
osc
oh
uz
y|speak
oq
g|speak
oscoq
gr|speak
oscoquz
osc
uosc
uosc
osc
u|speak
osc
x|speak
xoquz
so
balloh
oscxoquz
r|speak
r|speak
cat
ballohoscxoquz
chew
cat
boycage
soc
asoc
asocp
asocpgr
ocpgr
rocpgr
rocpgr
u|speak
u|speak
inu
home
five
rocpgr
homerocpgr
awayt
u|speak
ball
inuboycage
jhomerocpgr
jjhomerocpgr
jjhomerocpgr
zoo
zooawayt
v|speak
omerocpgr
jjhomerocpgr
zooawaytr
zooawaytrr
zooawaytrrr
r|speak
jjhomerocpgr
jjhomerocpgr
owl
put
o|speak
cat
cat
boy
catboy
catboy
atboy
catboy
catboy
catboy
a|speak
bn|speak
ga
bnga
bnga
bnga
n|speak
bnga
bnga
bnga
o|speak
mw|speak
omw
ball
ball
boyball
catcat
zoocatcat
redboyball
owl
is
iszoocatcat
iniszoocatcat
goiniszoocatcat
footfive
awayput
ballt
awayballt
awayballtzoo
zoofootfive
usualawayballtzoo
turnusualawayballtzoo
boycat
blueball
ballboycat
awayballboycat
turnusual
catcat
catcatcat
boyball
catcat
catboyball
cupcoin
catcupcoin
ballcatcupcoin
armcatcat
isarmcatcat
iceballcatcupcoin
jamiceballcatcupcoin
kitejamiceballcatcupcoin
owlkitejamiceballcatcupcoin
earowlkitejamiceballcatcupcoin
earearowlkitejamiceballcatcupcoin
chairearearowlkitejamiceballcatcupcoin
cupcoin
w|speak
chair
catw
chai
r|speak
xy|speak
r|speak
wv|speak
o|speak
oz
ooz
ooz
ooz
ooz
ooz
vx|speak
vxu
vxu
vxu
vxu
vxu
vxu
vxu
vxu
zo
zoo
zoo
vu
vus
vusn
vusn
vusn
vusn
vusn
vusn
cagechew
cagechew
on
onk
onk
kt|speak
kt|speak
kt|speak
at
li
ic
atic
aticli
aticlin
iw
iwz
iwzr
iwzr
cagecat
blueball
boycagecat
blueballv
wx|speak
boys
boyboys
boyboys
boyboyboys
boyboyboyboys
boyboyboyboyboys
blueboy
blueblueboy
blackblueblueboy
su
suv
suvw
w|speak
suvwz
wing
suvwzr
blueblue
ballblueblue
zoo
zoozoo
three
usualusual
zoozoozoo
turn
turnzoozoozoo
turnzoozoozoo
threethree
threethree
turnthreethree
aw
boyaw
blueboyaw
blueboyaw
br|speak
bru
brum
brum
chaircat
chaircat
cat
chair
cat
chai
r|speak
chair
ma
ma
mah
mah
mah
gn|speak
gnm|speak
gnm|speak
gnm|speak
gnm|speak
gnm|speak
gnm|speak
gnm|speak
mi
mi
m|speak
ml|speak
mli
catball
blue
threeturn
v|speak
ls|speak
lscup
lscup
eat
eat
eat
balle
blueblue
cageballe
zoocat
zoozoocat
xw|speak
gxw|speak
hgxw|speak
hhgxw|speak
dhhgxw|speak
zooturn
threezooturn
xv|speak
ww|speak
www|speak
vwww|speak
ww|speak
www|speak
nwww|speak
vnwww|speak
threevnwww
turnzoo
awayusual
o|speak
o|speak
au|speak
lj|speak
l|speak
ljb|speak
uz
ul
uz
ox
tk|speak
ulox
aucat
jb|speak
lljb|speak
pr|speak
aucatz
qp|speak
tjb|speak
me
ts|speak
v|speak
uloxtk
wm|speak
uzme
tsl|speak
x|speak
zo
qpwm|speak
uzmea
tslsuloxtk
suzmea
suzmeaqpwm
ozo
qozo
sh|speak
wqozo
shm|speak
shmf|speak
shmfwqozo
wingshmfwqozo
suzmeaqpwm
blacktjb
o|speak
tslsuloxtkn
suzmeaqpwm
wingshmfwqozo
iswingshmfwqozo
v|speak
aucatzball
turniswingshmfwqozo
z|speak
aturniswingshmfwqozo
asuzmeaqpwm
aturniswingshmfwqozo
mo
zr|speak
yr|speak
eh
mozr
smozr
zy|speak
smozrzy
smozrzyyr
ll|speak
jll|speak
jllsmozrzyyr
wy|speak
ehwy
p|speak
oo|speak
uoo|speak
uoow
xsure
pq|speak
pqy|speak
uoowxsure
asuzmeaqpwm
ehwyasuzmeaqpwm
ehwyasuzmeaqpwm
red
aj
ball
ball
ball
cat
cat
boy
boy
boy
boy
awayball
awayball
awayball
awayballblack
awayballblack
awayballblack
ball
blueu
blueblueu
ballt
ballt
ballt
ballt
ball
ball
balls
balls
balls
q|speak
q|speak
ball
ball
ball
cat
cat
x|speak
ox
mo
mol
mg|speak
kox
koxo
wpp|speak
pq|speak
wpppq|speak
ct|speak
molo
mz|speak
ctb|speak
ypk|speak
mgo
wpppqm|speak
uq
wpppqm|speak
wpppqm|speak
sgmgo
mzuq
sgmgo
sgmgo
molosgmgo
molosgmgo
koxoypk
molosgmgop
molosgmgop
molosgmgop
molosgmgop
xmzuq
xmzuq
ctbxmzuq
ctbxmzuqkoxoypk
ctbxmzuqkoxoypk
ctbxmzuqkoxoypk
cageboy
zoo
zoo
blueaway
blueaway
zooowl
usualzooowl
incup
putaway
iceblue
zoo
iceblue
putaway
putaway
ballball
awayballcat
awayballcat
away
n|speak
awayn
sa
t|speak
no
gno
dawayn
m|speak
s|speak
tsay
ln|speak
sh|speak
hn|speak
gp|speak
shq|speak
lnyn|speak
ri
dawaynb
og
ogx
wy|speak
ldawaynb
tp|speak
w|speak
ogxgno
u|speak
lnynp|speak
mu
shqwy|speak
n|speak
lgg|speak
xlgg|speak
lnynpx|speak
phn|speak
vtp|speak
xlu
l|speak
xlggvtp|speak
xluphn
tsayshqwy
l|speak
lnynpx|speak
xlggvtp|speak
tsayshqwy
tsayshqwy
gldawaynb
ogxgno
g|speak
vx|speak
us
usy
wvx|speak
wvxusy
twvxusy
ztwvxusy
ztwvxusy
ball
ballaway
boy
blackboy
blackboy
blackboy
blue
xx|speak
xx|speak
xxx|speak
xxxx|speak
xxxxx|speak
xxxxxx|speak
xxxxxxx|speak
xxxxxxxx|speak
xxxxxxxxx|speak
xxxxxxxxx|speak
xxxxxxxxx|speak
xxxxxxxxx|speak
xxxxxxxxx|speak
xxxxxxxxx|speak
xxxxxxxxx|speak
xxxxxxxxx|speak
xxxxxxxxx|speak
xxxxxxxxx|speak
xxxxxxxxx|speak
xxxxxxxxx|speak
xxxxxxxxx|speak
xxxxxxxxx|speak
xxxxxxxxx|speak
xxxxxxxxx|speak
xxxxxxxxx|speak
xxxxxxxxx|speak
xxxxxxxxx|speak
xxxxxxxxx|speak
xxxxxxxxx|speak
cageball
cageballxxxxxxxxx
cageballxxxxxxxxx
catball
ww|speak
www|speak
ww|speak
wx|speak
wwww|speak
wwwwww|speak
wwwwwwww|speak
wxwwwwwwww|speak
wxwwwwwwww|speak
wwxwwwwwwww|speak
wwxwwwwwwww|speak
om
nv|speak
uom
w|speak
w|speak
tv|speak
tvc|speak
ball
ball
ballcat
ball
cat
boy
boy
five
five
fiv
e|speak
fiv
fiv
iv
f|speak
iv
vn|speak
vnm|speak
vnm|speak
vnm|speak
vnm|speak
vnm|speak
vnm|speak
vnm|speak
ol
o|speak
l|speak
l|speak
lo
lov
lov
lov
lov
lov
lov
lov
lov
lov
catcat
cageball
w|speak
t|speak
t|speak
sure
tu
rn|speak
rnt|speak
rnt|speak
tv|speak
tu
turn
turnrnt
wing
home
cup
turnrnt
catcattu
catcattu
catcattu
v|speak
utv
utv
u|speak
tv|speak
e|speak
m|speak
etv
lu
lun
c|speak
mc|speak
lunmc
lunmc
lun
mc|speak
mc|speak
mc|speak
m|speak
mm|speak
lv|speak
lunc
w|speak
turnrntl
mmetv
mmetv
cage
t|speak
nw|speak
km|speak
s|speak
km|speak
nmmetv
km|speak
kmnmmetv
kmnmmetvnw
kmnmmetvnw
kn|speak
v|speak
knv|speak
turnrntlknv
turnrntlknv
turnrntlknv
turnrntlknv
er
e|speak
r|speak
r|speak
blue
j|speak
t|speak
tr|speak
tre
tre
ev
treev
tree
v|speak
ballcat
catball
catball
catball
catball
catball
catb
all
all
allcatb
chair
wy|speak
wyx|speak
wyx|speak
wyx|speak
wyx|speak
wyx|speak
wyx|speak
wyx|speak
wyx|speak
wyx|speak
wyx|speak
wyx|speak
wyx|speak
wyx|speak
wyx|speak
wyx|speak
wyx|speak
wyx|speak
wyx|speak
wyxn|speak
wyxn|speak
wyxn|speak
wyxn|speak
wyxn|speak
wyxn|speak
wyxn|speak
wyxn|speak
wyxno
wyxno
wyxno
wyxno
wyxno
cage
boy
vchew
vchew
vchew
vchew
cage
w|speak
ne
cage
wne
wne
wne
wne
wne
cage
black
wne
wne
wne
wne
wne
wne
wne
wne
wne
wne
wne
wne
bluecat
black
zoobluecat
inis
iceblack
jamiceblack
queenput
queenput
zoobluecat
shequeen
theshequeen
turn
inisball
usualjamiceblack
turninisball
usualturn
queenput
turnusualturn
usualtheshequeen
zooqueenput
wingusualtheshequeen
turnusualjamiceblack
theturn
intheturn
gointheturn
headturnusualjamiceblack
footgo
gofootgo
eatgofootgo
fiveeatgofootgo
footfiveeatgofootgo
zoobluecat
zoobluecat
inheadturnusualjamiceblack
jamwingusualtheshequeen
kiteinheadturnusualjamiceblack
owlkiteinheadturnusualjamiceblack
putowlkiteinheadturnusualjamiceblack
ball
ball
ball
ball
cat
cat
cat
o|speak
q|speak
m|speak
o|speak
m|speak
f|speak
x|speak
nv|speak
nx|speak
p|speak
n|speak
nv|speak
x|speak
x|speak
n|speak
chair
chair
h|speak
xf|speak
wp|speak
i|speak
mwp|speak
s|speak
n|speak
mwp|speak
xf|speak
xf|speak
xf|speak
xf|speak
xf|speak
xfmwp|speak
xfmwp|speak
xfmwp|speak
xfmwp|speak
xfmwp|speak
xfmwp|speak
xfmwp|speak
xfmwp|speak
xfmwp|speak
xfmwp|speak
xfmwp|speak
xfmwp|speak
xfmwp|speak
xfmwp|speak
ballcat
cageu
cageu
cageu
cage
boycage
boycage
cageuo
kj|speak
kjboycage
kjboycage
kjboycage
kjboycage
kjboycage
kjboycage
kjboycage
kjboycage
c|speak
tl|speak
tl|speak
tl|speak
ucageuo
tlucageuo
tlucageuo
kjboycage
w|speak
ew
fg|speak
ewi
cw|speak
cwtlucageuo
zoo
zoofg
zoofg
zoofg
zoofg
zoofg
zoofg
zoofg
zoofg
zoofg
hzoofg
yw|speak
ewiu
thzoofg
xr|speak
ou|speak
ou|speak
thzoofg
mthzoofg
aou|speak
aou|speak
aou|speak
ywv|speak
aoumthzoofg
aoumthzoofg
sv|speak
svxr|speak
svxrewiu
ywv|speak
turnywv
gp|speak
gpp|speak
of
ofgpp
o|speak
o|speak
o|speak
o|speak
o|speak
svxrewiuo
svxrewiuoofgpp
svxrewiuoofgpp
cwtlucageuo
aoumthzoofg
svxrewiuoofgpp
aoumthzoofg
dfive
dfive
dfive
dfive
mdfive
mx|speak
mxx|speak
mxxy|speak
mxxyw|speak
mxxywmdfive
mxxywmdfive
mxxywmdfive
mxxywmdfive
mxxywmdfive
mxxywmdfive
svxrewiuoofgpp
mxxywmdfive
mxxywmdfive
mxxywmdfive
hmxxywmdfive
hmxxywmdfive
hmxxywmdfive
aoumthzoofg
aoumthzoofg
aoumthzoofg
kjboycage
turnywv
aoumthzoofg
aoumthzoofg
aoumthzoofg
aoumthzoofg
aoumthzoofg
aoumthzoofg
aoumthzoofg
aoumthzoofg
aoumthzoofg
aoumthzoofg
aoumthzoofg
aoumthzoofg
away
ball
m|speak
i|speak
mi
at
c|speak
at
e|speak
lo
lov
lov
lov
lov
ha
haz
haze
hazel
hazel
ballmi
mo
mom
turn
v|speak
away
r|speak
p|speak
o|speak
o|speak
usual
o|speak
o|speak
o|speak
cato
catoo
cage
cagecatoo
chair
cagecatoo
cagecatoo
cagecatoo
cagecatoo
cagecatoo
cagecatoo
cagecatoo
cagecatoo
cagecatoo
cagecatoo
cage
cage
cage
cage
cage
cage
boy
boy
boy
cage
cage
cage
cage
cage
turn
usual
turn
turn
turnturn
turnturn
usual
usual
usual
usual
usual
turnturnv
turnturnv
usual
usual
usual
usual
turnturnv
turnturnv
turnturnv
turnturnv
h|speak
y|speak
hh|speak
hh|speak
hh|speak
hh|speak
hh|speak
hh|speak
hh|speak
hh|speak
hh|speak
hh|speak
hh|speak
hh|speak
hh|speak
turn
turn
turn
turn
catcat
ballcatcat
ballcatcat
el
elc
elcn
elcn
elcn
elcn
elcn
elcn
elcn
awayball
awayballzoo
coin
m|speak
vz|speak
uo|speak
vzm|speak
vzmuo
vzmuo
vzmuo
vzmuo
vzmuo
vzmuo
iszoo
iszoohome
iszoohomeaway
iszoohomeaway
iszoohomeaway
iszoohomeaway
iszoohomeaway
cagecat
cagecagecat
awayball
awayball
awayawayball
awayawayball
blackaway
zoo
zooblackaway
zooblackaway
awayzooblackaway
yzooblackaway
awa
yzooblackaway
awayzooblackaway
ballblack
ballballblack
awayzooblackaway
ballballblack
armaway
armawayballballblack
zoozoo
usual
wingzoozoo
zoozoo
zoo
zoo
zoozoozoo
wingzoo
wingzoozoozoo
ballball
ball
v|speak
wingzoozoo
wingzoozoo
wingzoowingzoozoo
thewingzoowingzoozoo
turnturn
turnusual
usualusual
wingusual
awayarm
awayaway
ball
cat
ca
cat
cat
cat
cat
cat
fo
for
fork
fork
lo
loc
m|speak
lock
zoo
f|speak
zo
zoo
du
du
duc
duck
duck
duck
turnturn
us
us
away
a|speak
aus
aus
aus
bluecat
jaus
gocage
boygocage
ballboygocage
oc
ock
ob
ob
ob
o|speak
b|speak
od
cupm
catchair
zoocup
zoozoocup
zoozoocupcup
cupaway
cupawaychew
chairchair
chairchaircat
chairball
chairballboy
awayarm
armawayarm
turnzoo
turnzoothree
wm|speak
wmn|speak
red
cat
ni
nic
nico
cageear
kitecoin
she
putshe
putshe
jamjam
jamjamjam
jamjamjamjam
eat
zoo
put
put
boyzoo
ee|speak
ee|speak
eee|speak
eeeee|speak
eeeeee|speak
eeeeee|speak
eeeeee|speak
w|speak
q|speak
bm|speak
nbm|speak
cnbm|speak
cnbmc|speak
lcnbmc|speak
lcnbmc|speak
awaylcnbmc
awaylcnbmc
awaylcnbmc
v|speak
yy|speak
awaylcnbmcyy
awaylcnbmcyy
awaylcnbmcyy
zoo
zoob
zoob
n|speak
d|speak
tb|speak
l|speak
oturn
loturn
catloturn
tbm|speak
catloturntbm
earc
surec
thesurec
earck
dthesurec
earckt
dthesurec
kturn
m|speak
ckturn
c|speak
cc|speak
c|speak
lc|speak
queenlc
ccqueenlc
ccqueenlcl
ccqueenlclt
ckturn
catball
catballcage
c|speak
sure
turnball
theblue
lblack
lblackm
jam
boyqueen
lblackm
isin
shetheblue
chewjam
cagelblackm
catisin
o|speak
fchewjam
catisin
catisin
cagelblackm
yr|speak
zyr|speak
wx|speak
wxzyr|speak
c|speak
vwxzyr|speak
cagelblackm
catisin
catisin
catisin
uv
boyqueen
shetheblue
eboyqueen
dcatisin
hchair
mhchair
mhchairv
fiveeboyqueen
mhchairvuv
mhchairvuv
mhchairvuvdcatisin
threeput
zoothreeput
ballshetheblue
zoothreeput
awayfiveeboyqueen
armarm
armarmarm
awayzoothreeput
mm|speak
t|speak
u|speak
l|speak
cl|speak
clc|speak
vn|speak
ball
cageu
boycageu
black
u|speak
balld
d|speak
ke
homecage
balldvn
homes
homeske
homehomeske
kc|speak
balldvncat
tl|speak
ds|speak
icekc
mds|speak
headmds
s|speak
icekcis
homes
puthomes
icekite
mue
kitemue
tkitemue
k|speak
m|speak
lk|speak
lktkitemue
kheadmds
jkheadmds
ks|speak
kst|speak
y|speak
kstlktkitemue
ev
puthomestl
evnkite
t|speak
b|speak
yr|speak
jkheadmdsyr
jkheadmdsyr
evnkite
icekitez
jkheadmdsyr
icekitez
ball
cat
nn|speak
wn|speak
nnwn|speak
nnnwn|speak
nn|speak
nnnnnwn|speak
nnnnnwnn|speak
nnnnnwnn|speak
nnnnnwnn|speak
nnnnnwnn|speak
ig
iq
kig
l|speak
kige
pw|speak
pq|speak
rg|speak
ri
i|speak
g|speak
gg|speak
pwgg|speak
iqpwgg
riiqpwgg
cf|speak
riiqpwgg
riiqpwgg
rg|speak
rg|speak
rg|speak
cfpq|speak
vcfpq|speak
vcfpqi
usual
turnthree
turnthree
turn
turn
usualturn
usualturn
oo|speak
ooo|speak
oooo|speak
ooooo|speak
oo|speak
oo|speak
sure
sure
theaway
zootheaway
armball
zoo
sure
sure
zootheaway
zootheaway
armball
armballzoo
cv|speak
go
mi
y|speak
na
gomi
gomiu
gomiucv
gomiucvv
gomiucvvr
gomiucvvr
gomiucvvr
ballcat
ei|speak
ballcatu
ballcatuei
ballcatueio
x|speak
pp|speak
pp|speak
op
po
oppo
ppo
ppooppo
ppooppoo
pp|speak
ppppooppoo
ppp|speak
ppppooppoo
ppppooppoo
ppppooppoop
ppppooppoop
ppppooppoop
v|speak
w|speak
blueball
blackblack
wball
ballblack
ballblack
blueball
blueballballblack
u|speak
v|speak
ip
catball
catball
ball
ball
cat
boycat
boycat
boy
catu
catu
scatu
scatu
cat
ball
scatuball
q|speak
j|speak
t|speak
bluet
bluetw
z|speak
z|speak
bluetwz
cage
catbluetwz
chew
cage
scatuball
cage
chew
chew
chew
vn|speak
cagevn
blue
pz|speak
cagevnpz
r|speak
cagevnpzz
cagevnpzzq
scatub
all
chewall
scat
ub
tub
y|speak
cage
chewalltub
cage
chewalltub
sca
cagevnpzzq
cagevnpz
zq|speak
cagevnpzz
cagevnpzz
catbluetwzq
catbluetwzq
sca
chewalltub
chewa
lltub
scalltub
catbluetwzq
catbluetwzq
chewa
chewa
chewa
chewa
chewa
c|speak
hewa
scalltub
cscalltub
hewa
hewa
hewa
catball
chair
catb
all
cat
cat
boy
cage
wing
t|speak
u|speak
turnboy
turnboyball
turnboyball
usualcat
usualcat
zoousualcat
coincat
coincat
footcoincat
gohead
headhome
inis
homehome
homehomehome
homehomehomehome
homehomehomehome
mhomehomehomehome
homehead
homehead
in
ice
x|speak
x|speak
f|speak
w|speak
x|speak
y|speak
y|speak
x|speak
g|speak
v|speak
w|speak
z|speak
z|speak
x|speak
o|speak
p|speak
m|speak
three
arm
zoo
away
black
black
wing
blue
blue
blue
l|speak
n|speak
five
five
five
five
five
five
m|speak
m|speak
rm|speak
e|speak
at
at
a|speak
t|speak
arm
tarm
blueboy
blueboy
blueboy
blueboy
blue
boy
boy
boy
blue
ow
owx
owxn
owxn
boy
owxn
owxn
owxnball
eboy
eboy
eboy
eboy
eboy
eboy
eboy
eboy
eboy
eboy
eboy
eboy
eboy
eboy
eboy
nzoo
enzoo
enzoo
enzoo
enzoo
enzoo
enzoo
enzoo
om
aenzoo
eaenzoo
nom
nom
nom
nom
nom
nom
vnom
wvnom
wvnom
wvnom
wvnom
wvnom
wvnom
ef
if
efif
wvnome
e|speak
ee|speak
fee
ffee
iefif
iefifwvnome
iefifwvnome
iefifwvnome
iefifwvnome
iefifwvnome
e|speak
ff|speak
ff|speak
eff
ball
ball
cat
wingwing
wing
wingwing
ut
ut
ut
si
lo
lov
utlov
utlov
ut
lov
siut
siutlov
siut
lov
is
lo
lov
love
love
siutwing
ca
cat
catlove
catlove
catlove
wing
zoocatlove
zoocatlove
zoo
catlove
zoocatlove
ballball
ballball
ball
ball
earzoocatlove
ballball
boy
boyball
boyball
boyballcat
boyballcat
boyballcat
boyballcat
wv|speak
xh|speak
gp|speak
x|speak
x|speak
x|speak
x|speak
x|speak
x|speak
x|speak
vh|speak
xvh|speak
xvh|speak
xvh|speak
xvh|speak
xvh|speak
xvhi
xvhi
xvhigp
xvhigp
boy
boy
xvhigp
xvhigp
xvhigpxh
xvhigpxh
xvhigpxhwv
xvhigpxhwv
xvhigpxhwv
xvhigpxhwv
xvhigpxhwv
chair
chair
ear
cup
coin
chair
ear
ear
eat
five
foot
five
five
five
five
eat
ear
cup
cup
cup
cup
cup
go
go
eat
eat
away
away
away
awayn
awaynm
awaynm
awaynm
awaynm
awaynm
awaynm
awaynm
ballawaynm
ballawaynm
ballaw
aynm
aynm
mp|speak
mp|speak
mpo
mpor
mporl
mporlq
mporlq
uo|speak
uoa|speak
uoai|speak
the
theblue
theblue
theblue
theblue
cat
catv
ballv
catvballv
blueblue
catvballv
black
black
ballblack
away
away
ballblack
arm
rx|speak
rxx|speak
rxxx|speak
rxxxx|speak
rxxxxx|speak
rxxxxxz|speak
rxxxxxzi
rxxxxxzig
rxxxxxzigb
rxxxxxzi
rxxxxxz|speak
i|speak
rxxxxx|speak
z|speak
rxxxxx|speak
rxxxxx|speak
xxxxx|speak
r|speak
xxxxx|speak
xxxxx|speak
xxxxxx|speak
xxxxxxx|speak
xxxxxxxx|speak
xxxxxxxxx|speak
ao|speak
aoo|speak
ao|speak
aoo|speak
aooo|speak
fivefoot
fivefoot
fivefivefoot
fivefivefoot
footfivefivefoot
footfivefivefoot
oo|speak
ooo|speak
oooo|speak
ooooo|speak
ooooo|speak
ooooo|speak
ooooo|speak
ooooo|speak
b|speak
bo
boo
booo
booo
oo|speak
bo
bo
ball
b|speak
all
n|speak
b|speak
icat
icatall
catall
i|speak
catall
cage
b|speak
i|speak
w|speak
i|speak
i|speak
bi
blue
r|speak
bir
birn
birn
birne
birne
birne
birne
birne
birnecatall
birnecatall
cat
black
boy
boyball
boyblue
black
black
black
blackboyblue
black
zoozoo
armzoo
zoozoozoo
zoozoozoo
zoo
zoozoo
zoozoozoozoo
zoozoozoozoo
zoozoo
zoozoozoozoo
zoozoo
zoozoozoozoo
zoozoozoozoo
zoozoozoozoo
zoozoozoozoo
zoozoozoozoo
zoozoozoozoo
zoozoozoozoo
catball
catball
catball
catball
catball
catb
all
tblack
tblack
tblack
tblack
tblack
tblack
tblack
tblack
tblack
tblackw
tblackww
tblackwww
tblackwwww
ww|speak
www|speak
www|speak
tblackwwww
www|speak
www|speak
www|speak
www|speak
tblackwwww
v|speak
tblackwwwwz
tblackwwwwz
tblackwwwwz
zoozoo
zoozoozoo
zoozoozoo
zoozoozoo
zoozoozoo
zoozoozooz
zoozoozoozz
zoozoozoozz
zoozoozoozz
zoozoozoozoozz
zoozoozoozoozz
zoozoozoozoozz
zoozoozoozoozz
zoozoozoozoozz
catboy
earchew
coincup
scoincup
b|speak
l|speak
earchew
homeearchew
catboy
ballcatboy
homeearchew
headhomeearchew
foothead
ballcatboy
foot
head
eatscoincup
fivejam
thefoot
turn
surefivejam
turn
three
owl
surefivejam
l|speak
foothead
owleatscoincup
homethefoot
l|speak
m|speak
mm|speak
t|speak
mmcoin
u|speak
btmmcoin
w|speak
surefivejam
surefivejam
w|speak
owleatscoincup
owleatscoincup
owleatscoincup
owleatscoincup
owleatscoincup
owleatscoincup
owleatscoincup
owleatscoincup
owleatscoincup
owleatscoincup
owleatscoincup
sowleatscoincup
ksurefivejam
sowleatscoincup
foothead
foothead
redfoothead
redfoothead
kk|speak
kkredfoothead
sowleatscoincup
csowleatscoincup
red
is
redl
usualhomethefoot
v|speak
kkredfoothead
ballcatboyheadhomeearchew
blacksure
ballcatboyheadhomeearchew
armusualhomethefoot
redlusual
redlusual
wing
sx|speak
sxg|speak
armusualhomethefoot
blacksure
sxgm|speak
sxgmz|speak
warmusualhomethefoot
warmusualhomethefoot
wwarmusualhomethefoot
zv|speak
threezvx
threezvxwwarmusualhomethefoot
jblacksure
el
wjblacksure
vt|speak
vtm|speak
catball
catball
z|speak
z|speak
zz|speak
zz|speak
zzzz|speak
yzzzz|speak
zyzzzz|speak
zzyzzzz|speak
zzzyzzzz|speak
zzzyzzzz|speak
zzzyzzzz|speak
zzzyzzzz|speak
chair
coincoin
coincoin
aj
ja
aj
jaj
jajaj
jajaja
ajajaja
ajajaja
chair
eat
ajajaja
ajajaja
aj
eataj
ajajajaa
eatajajajajaa
eatajajajajaa
eatajajajajaa
eatajajajajaa
eatajajajajaa
eatajajajajaa
eatajajajajaa
eatajajajajaa
eatajajajajaa
eatajajajajaa
y|speak
y|speak
y|speak
three
zooturn
zooturnturn
zooturnturn
zooturnturn
zooturnturn
zooturnturn
zooturnturn
ts|speak
tsw|speak
vu
bvu
tswx|speak
bvutswx
abvutswx
abvutswxn
gy|speak
qabvutswxn
qabvutswxngy
qabvutswxngy
usual
ballcat
chair
chair
go
chairchew
homecoin
chairchew
homecoin
v|speak
chairhead
z|speak
f|speak
f|speak
cat
ball
bcat
bcati
bcat
i|speak
bcati
b|speak
cati
cati
cati
cat
i|speak
bi
o|speak
bicage
eball
icage
ballcat
ballcat
ballcat
v|speak
chewcat
chewcat
ef
efg
efg
efg
efg
cat
w|speak
owlball
owlball
owlball
putball
queencat
redqueencat
theturn
theturn
theturn
theturn
threeturn
threeturn
thethreeturn
threethethreeturn
iw
i|speak
w|speak
wi
wif
wiff
wif
wi
wi
three
three
usual
wio
wiothe
wio
wiof
wiof
wing
o|speak
o|speak
ca
t|speak
cage
caget
cage
t|speak
e|speak
et
et
e|speak
t|speak
sure
sure
sure
kite
she
she
she
ball
cat
cat
cat
ball
cat
cat
ab
lab
nlab
nlab
nlab
nlab
nlab
nlab
lab
n|speak
lab
llab
llab
llab
llab
ef
ef
oi|speak
efoi
f|speak
efoillab
ts|speak
ts|speak
ts|speak
vw|speak
tsvw|speak
tsvw|speak
efoillab
efoillab
m|speak
nm|speak
nm|speak
nm|speak
nm|speak
nm|speak
nm|speak
nm|speak
nm|speak
nm|speak
nm|speak
nm|speak
nmw|speak
nmwu
nmwu
nmwu
catball
l|speak
lo
lov
love
love
love
e|speak
no
nocatball
ca
cat
cat
w|speak
zo
zoo
zoo
zoo
x|speak
ball
ball
ball
ball
ball
ball
ball
ball
ball
ball
ball
ball
ball
black
black
black
black
ball
away
away
oz
vn|speak
vnn|speak
vnnw|speak
vnnwoz
vnnwoz
blue
blue
blue
blue
blue
na
nat
dj|speak
djnat
boydjnat
da
lda
clda
oclda
joclda
mjoclda
mjocldacat
cagemjocldacat
armblue
blackaway
blackawayboy
zooball
ov
n|speak
zoon
zoonov
zoonovv
zzoonovv
ball
ballcat
blueballcat
blueblueballcat
blueblueballcat
blueblueblueballcat
blueblueblueballcat
blueblueblueballcat
awayboy
wing
away
away
px|speak
ppx|speak
awayppx
lp|speak
lp|speak
vw|speak
awayppxlp
olp
nawayppxlp
olp
o|speak
awayo
awayaway
blackball
ballvw
awayawayaway
awayawayaway
catball
catball
catball
catball
boy
boy
blueboy
blueboy
blueboy
blackball
blackball
blackball
owl
kiteowl
kiteowl
zo
zoo
zooz
zoozo
zoozoo
zoozoo
zoozoo
oz
zo
zoo
zoo
shesure
shesure
mn|speak
no
uno
mu
nm|speak
nmm|speak
luno
nmmmn|speak
uluno
nw|speak
vn|speak
nmmmnuluno
mun
nww|speak
mb|speak
munx
da
m|speak
munxnww
mbv|speak
xx|speak
mxx|speak
vnv|speak
lm|speak
lmv|speak
lmvv|speak
nm|speak
nn|speak
nnmxx|speak
nn|speak
nmw|speak
munxnwwvnv
oda
odav
enmmmnuluno
enmmmnuluno
za
zaa
zaaz
zaazo
zaazoo
zaazoo
chair
coin
chew
zoozoo
zoozoo
zoozoozoo
zoozoo
zoozoozoozoo
zoozoozoozoo
zo
zoo
zoov
zoovv
zoovv
wz|speak
zoovvwz
zoovvwzy
zoovvwzyx
zoovvwzyx
zoovvwzyx
blackcoin
cupaway
zoo
armaway
q|speak
blackg
blackgq
mw|speak
blacki
blackiball
va
s|speak
to
blackiball
blackiball
to
to
to
away
blue
blackball
away
blackblack
xmw|speak
w|speak
bluexmw
w|speak
black
blackblack
blackblack
blackblack
bluexmwu
blackball
blackball
catbluexmwu
catbluexmwu
blackball
blackblack
ballblackblack
blackblack
uballblackblack
blackball
blackball
blackball
ballblackblack
armball
armaway
armball
armarmaway
catball
catball
catball
catball
catball
catball
catball
catball
catball
catball
catball
catball
catball
catball
catball
catball
catball
catball
catballv
vv|speak
vv|speak
vv|speak
vvv|speak
vvvv|speak
vvvvv|speak
vvvvvvv|speak
vvvvvvvvv|speak
vvvvvvvvv|speak
vvvvvvvvv|speak
vvvvvvvvv|speak
vvvvvvvvv|speak
vvvvvvvvv|speak
vvvvvvvvv|speak
threethree
threethree
threethree
threethree
threethreethree
o|speak
qh|speak
puu
puuxu
if
bk|speak
se
km|speak
t|speak
xq|speak
xbk|speak
puuxu
puuxu
puuxu
puuxuxq
ob
xbkdqh|speak
seob
o|speak
if
kmif
n|speak
vo
uo|speak
vow
uovow
uovowu
uovowuv
uovowuv
uovowuv
uovowuv
uovowuv
uovowuv
ball
ball
ball
ball
ball
ball
ball
ball
boy
boy
cage
cage
ca
ge
geca
geca
geca
geca
geca
geca
chair
chair
chair
chair
chair
chair
chair
d|speak
d|speak
d|speak
d|speak
dm|speak
dm|speak
wing
wing
w|speak
ua|speak
ua|speak
ua|speak
uat
a|speak
wa
wa
wa
waf
waf
z|speak
zw|speak
zw|speak
z|speak
wafz
wa
fz|speak
f|speak
z|speak
waf
black
za
z|speak
z|speak
wafcat
black
black
za
z|speak
uwafcat
az
a|speak
z|speak
az
aza
a|speak
a|speak
ball
blueza
blueza
a|speak
bluezaa
blue
zaa
blue
bluezaa
bluezaa
blue
zaa
zaaz
zaaz
blue
zaazo
o|speak
q|speak
zaazo
zaazoo
zaazoo
zaazoo
zaazoo
zaazooz
zaazoozq
blueo
za
ball
zablueo
zablueo
zablueo
w|speak
zablueow
uwafcat
zablueowa
ballcat
pw|speak
tv|speak
pwtv|speak
ux
kc|speak
u|speak
zy|speak
s|speak
black
rz|speak
rzz|speak
rzzz|speak
s|speak
zrzzz|speak
z|speak
zrzzzz|speak
zrzzzz|speak
ww|speak
w|speak
ww|speak
wwww|speak
wwwww|speak
wwwww|speak
x|speak
xwwwww|speak
wxwwwww|speak
wwxwwwww|speak
wwwxwwwww|speak
wwwxwwwww|speak
boy
chaircage
footfive
gofootfive
gofootfive
gofootfive
gofootfive
gofootfive
coin
ear
y|speak
bo
cbo
dx|speak
dxy|speak
cbodxy
cbodxya
cbodxya
cbodxya
cbodxya
cbodxya
cbodxya
home
wi
wio
wiof
wiof
wiof
wiof
chair
iw
wi
wio
x|speak
wiof
wiof
wiofwiof
wiof
wiof
bluewiof
catbluewiof
cupcatbluewiof
coincupcatbluewiof
cupcoincupcatbluewiof
blueblack
usual
wingwiof
wingw
iof
wing
wiof
wi
wio
wiof
u|speak
w|speak
x|speak
q|speak
boy
cage
boy
boy
boy
boy
boy
chair
chair
chair
cat
usual
three
l|speak
c|speak
c|speak
d|speak
d|speak
d|speak
d|speak
d|speak
three
turn
turn
zoo
d|speak
zoo
zoo
ball
blue
boy
cat
is
kite
three
usual
away
o|speak
p|speak
l|speak
l|speak
l|speak
l|speak
s|speak
cat
cat
cat
ball
ball
ball
ball
cat
cat
tball
ball
t|speak
ball
ca
cat
cat
cat
ball
boy
cat
cat
ball
ball
ball
ball
ball
foot
foot
go
foot
go
go
cat
cat
go
go
go
go
go
go
px|speak
px|speak
opx
opx
opx
opx
ball
b|speak
x|speak
opxk
bgo
gox
footopxk
catball
footopxkgox
footopxkgox
bgo
bgo
bgo
bgo
bgo
cat
footopxkgox
catball
catball
cat
bgo
bgo
bgo
bgo
catbgo
catbgo
catbgo
catbgo
catbgo
catbgo
footopxkgox
catbgofootopxkgox
catballe
catballeo
oo|speak
oo|speak
ci
eci
eci
ec
i|speak
iec
iec
ie|speak
c|speak
cie
cie
cie
ycie
zycie
wzycie
wwzycie
vwwzycie
xvwwzycie
xvwwzycie
xvwwzycie
xvwwzycie
xvwwzycie
xvwwzycie
xvwwzycie
goxvwwzycie
goxvwwzycie
eat
eatgoxvwwzycie
eatgoxvwwzycie
eatgoxvwwzycie
eatgoxvwwzycie
eatgoxvwwzycie
eatgoxvwwzycie
eatgoxvwwzycie
catball
kl|speak
kli
kl|speak
kli
klim
b|speak
klimb
ball
ball
ball
ball
cat
cat
cat
cat
cat
cat
cat
ball
ball
ball
cat
cat
cat
cat
ball
cage
cage
cage
cage
cage
cage
cage
cage
boy
boy
boy
boy
boy
boy
boy
boy
boy
d|speak
d|speak
d|speak
d|speak
d|speak
d|speak
d|speak
d|speak
d|speak
d|speak
d|speak
cage
oo|speak
z|speak
ooz
ooz
ooz
ooz
ice
kite
kite
kite
kite
l|speak
u|speak
l|speak
cm|speak
cmboy
cmboycat
zoocmboycat
catcat
catcatcat
catcatcatcat
mu
vmu
boy
boy
boy
boy
boy
boy
catblue
black
black
catblue
away
vw|speak
vw|speak
vw|speak
vw|speak
s|speak
q|speak
ma
mad
mads
ma
mad
madd
maddl
maddli
maddli
maddli
maddlie
maddlie
maddlie
maddlie
maddlie
maddliec
maddliec
mc|speak
mc|speak
mc|speak
mc|speak
mc|speak
mc|speak
mc|speak
mc|speak
catzoo
catball
arm
zoozoo
zoozoozoo
zoozoozoo
le
lem
lemo
lemon
si
sin
sink
z|speak
po
pop
popc
popco
popcor
popcorn
balln
black
black
black
catblack
catb
lack
bal
ln|speak
al
b|speak
al
kb|speak
kbal
kbal
catb
r|speak
kbal
w|speak
wv|speak
ln|speak
turn
lnx|speak
turn
lnxf|speak
mxt|speak
b|speak
llnxf|speak
inwing
w|speak
turn
k|speak
llnxfmxt|speak
x|speak
foot
llnxfmxts|speak
llnxfmxtsx|speak
ballcat
zz|speak
rz|speak
zzrz|speak
zzrzo
zzrzoz
zzrzoz
zzrzoz
ball
ball
ball
ball
ball
ball
ball
ball
black
black
black
black
blackblack
blackblack
black
aa|speak
aa|speak
aa|speak
aaaa|speak
aaaab
aaaaba
aaaabaaa
aaaabaaaa
aaaabaaaa
aaaabaaaa
aaaabaaaa
y|speak
op
wing
wing
ao|speak
aoop
paoop
wpaoop
uwpaoop
u|speak
blueo
blueblue
blueblue
blueblue
blueblue
blueblue
vblueo
blueblue
blueblue
w|speak
w|speak
chairboy
chairboy
chairboy
o|speak
oo|speak
ooo|speak
ooo|speak
ooo|speak
ooo|speak
ooo|speak
ooo|speak
ooo|speak
ooo|speak
ooo|speak
ooo|speak
ooo|speak
ooo|speak
ooo|speak
ooo|speak
ooo|speak
ooo|speak
ooo|speak
ooo|speak
ooo|speak
w|speak
nn|speak
nn|speak
nnn|speak
wn|speak
nwn|speak
nn|speak
nnnwn|speak
s|speak
nnnwnnn|speak
nnnwnnn|speak
nnnwnnn|speak
nnnwnnn|speak
nnnwnnn|speak
nnnwnnn|speak
nnnwnnn|speak
nnnwnnn|speak
nnnwnnn|speak
nnnwnnn|speak
nnnwnnn|speak
nnnwnnn|speak
nnnwnnn|speak
nnnwnnn|speak
nnnwnnn|speak
nnnwnnn|speak
nnnwnnn|speak
v|speak
v|speak
v|speak
v|speak
v|speak
v|speak
v|speak
v|speak
ee|speak
ballcat
ballcat
ballcat
ballcat
ballcat
boy
ear
cup
ear
chair
chair
d|speak
d|speak
cball
dcball
kd|speak
cball
kdu
k|speak
du
c|speak
ball
duc
duck
duck
cat
scat
ai|speak
ballduck
at
s|speak
cat
ai|speak
atb
at
b|speak
s|speak
sballduck
tl|speak
atl
atl
a|speak
t|speak
l|speak
s|speak
ai|speak
ai|speak
sai
at
l|speak
sail
b|speak
sailb
o|speak
sailbo
sailboat
sailboat
sailboat
sailboat
sailboatcat
b|speak
be
b|speak
e|speak
be
sl|speak
sll|speak
bea
ca
beaca
beacasll
beac
asll
asllb
be
acasllb
a|speak
casllb
bea
casllb
c|speak
asllb
beac
ballduck
h|speak
hasllb
hasllb
beachasllb
black
hasllb
beac
hasllb
chair
v|speak
wo
woo
woof
woof
woof
wo
woi
woif
woif
woifwoof
woifwoof
woifwo
st|speak
stw|speak
stww|speak
stw|speak
w|speak
at
atm
b|speak
dn|speak
r|speak
atmsv
ddn|speak
c|speak
g|speak
vc|speak
g|speak
atmsv
ddn|speak
atmsv
go
oh
ohp
datmsv
ddndatmsv
tc|speak
wo
cf|speak
vcel
cfgo
co
fv|speak
coddndatmsv
coddndatmsv
pf|speak
pfo
o|speak
dm|speak
fvowo
vcelfvowo
oohpg
p|speak
oohpgcfgo
dmf|speak
dvcelfvowo
pd|speak
dmfpd|speak
bdvcelfvowo
dmfpdl|speak
dmfpdlegpfo
ee|speak
q|speak
eeq
vg|speak
fn|speak
c|speak
c|speak
s|speak
lvg|speak
lvgp|speak
eeqlvgp
p|speak
leeqlvgpg
leeqlvgpgq
pleeqlvgpgq
q|speak
kr|speak
krr|speak
y|speak
l|speak
k|speak
of
uc
ucpleeqlvgpgq
oohpgcfgoq
od
ckrr|speak
ckrrp|speak
ckrrp|speak
ucpleeqlvgpgq
fnf|speak
ucpleeqlvgpgq
oh
fnfoh
fnfohckrrp
fnfohckrrp
bdvcelfvowo
bdvcelfvowo
oohpgcfgoq
boy
boy
boy
boy
boy
boy
boy
boy
cage
chair
chair
chair
chair
boy
boy
chew
chew
chew
chew
coin
coin
ear
in
jam
put
em
em
blue
ballcat
ballcat
ballcat
ballcat
nw|speak
nwl|speak
nwl|speak
nwlballcat
nwlballcat
ca
cat
nwlballcat
catnwlballcat
catnwlballcat
arm
zooarm
zooarm
zooarm
usualwing
zooarm
zooarmusualwing
turnzooarmusualwing
turnzooarmusualwing
turnzooarmusualwing
ff|speak
ff|speak
eff
eff
ff|speak
eff
effi
theu
theu
catnwlballcat
ei|speak
ff|speak
eff
ei|speak
e|speak
effi
effie
v|speak
vn|speak
effievn
effie
vn|speak
vn|speak
vn|speak
vn|speak
vn|speak
tu
uvn
so
soc
sock
sock
d|speak
b|speak
b|speak
be
bea
bea
no
z|speak
w|speak
ball
ball
ball
ball
cage
cage
z|speak
t|speak
cage
cage
arm
zoo
wing
wing
wing
the
three
ballcat
ballcat
w|speak
ballcat
ballcat
ballcat
kz|speak
ikz
mikz
omikz
fomikz
lfomikz
wlfomikz
wlfomikz
wlfomikz
wlfomikz
wlfomikz
wlfomikz
chew
boychair
boychair
boychair
boychair
boychair
cage
cage
cage
tt|speak
ttu
nt|speak
ut
ntu
ntuut
tntuut
tntuutttu
tntuutttu
tntuutttu
tntuutttu
tntuutttu
tntuutttu
tntuutttu
tntuutttu
tntuutttu
pp|speak
qp|speak
p|speak
pp|speak
pp|speak
pppp|speak
pp|speak
pppppp|speak
qppppppp|speak
ppqppppppp|speak
ppqppppppp|speak
ppqppppppp|speak
ppqppppppp|speak
ppqppppppp|speak
ppqppppppp|speak
ppqppppppp|speak
ppqppppppp|speak
nv|speak
onv
onv
onv
onv
onv
onv
boy
oo|speak
oo|speak
oooo|speak
chairoooo
chairoooo
chairoooo
chairoooo
chairoooo
be
da
eg
kda
kdaeg
ckdaeg
ckdaegbe
sckdaegbe
sckdaegbe
sckdaegbe
sckdaegbe
sckdaegbe
sckdaegbe
eato
xn|speak
xnv|speak
oxnv
eatooxnv
eatooxnvv
eatooxnvvy
eatooxnvvy
eatooxnvvy
eatooxnvvy
eatooxnvvy
eatooxnvvy
eatooxnvvy
chewx
ballblue
boyblack
ball
ballblue
ballblack
boyblack
boyblack
blackblack
blueblue
blueblue
black
black
she
she
foot
foot
head
arm
m|speak
ai|speak
em
emi
a|speak
i|speak
emii
emiia
ballcat
uu|speak
ouu|speak
aouu|speak
eaouu|speak
ieaouu|speak
ieaouu|speak
ieaouu|speak
zooe
zooe
zooe
zooe
zooe
zooe
zooe
zooe
zooe
zooe
zooe
zooe
zooe
zooej
zooeja
zooejan
three
three
three
three
catthree
catthreecat
chair
w|speak
ball
cat
cat
cat
y|speak
y|speak
y|speak
y|speak
l|speak
v|speak
three
w|speak
mo
mom
mom
mom
mom
red
zoozoo
zoozoo
zoozoozoo
zoozoozoozoozoo
zoozoozoozoozoo
zoozoozoozoozoo
zoozoozoozoozoo
zoozoo
zoozoozoo
zoo
zoozoozoozoo
zoozoozoozoo
zoozoozoozoo
zoozoo
zoozoozoo
usual
cat
catball
catball
cat
ball
cat
ball
gogo
gogogo
gogogogo
gogogogogo
gogogogogo
gogogogogo
gogogogogo
gogogogogo
gogogogogo
gogogogogo
pp|speak
t|speak
p|speak
p|speak
op
pop
popk
popk
pop
k|speak
pop
pop
pop
pop
popk
popk
scat
zoo
bl|speak
ack
blscat
all
b|speak
all
ballack
allack
b|speak
allack
catblscat
cageall
chairb
jamcatblscat
zooqueen
zooqueen
zooqueen
jamcatblscat
zooqueen
cageall
chairbb
zooqueen
inallack
inallackcageall
black
jamcatblscat
jamcatblscat
chairbb
blackzooqueen
blackzooqueen
blackzooqueen
sure
l|speak
theblackzooqueen
theblackzooqueen
sure
cat
cat
cat
cat
ca
t|speak
chair
chair
cacage
cage
cage
cagecage
eats
cupear
tcupear
eareats
cupear
t|speak
cupear
tchew
tchewcupear
tc|speak
hewcupear
fivechair
ivefivechair
eareats
ear
eats
cattc
feats
goivefivechair
boychew
blackcage
black
bluecattc
boychewhewcupear
boychewhewcupear
boychewhewcupear
blackcage
bluecattc
r|speak
rgoivefivechair
ballrgoivefivechair
ballrgoivefivechair
ballrg
oivefivechair
away
ballrg
ball
ball
ack
bl|speak
ack
ball
ueblack
mueblack
aaway
boychewhewcupear
aa|speak
waybluecattc
aawaybluecattc
aybluecattc
aaw
aybluecattc
wblackcage
raa
wblackcage
wblackcage
ra
a|speak
v|speak
ra
cat
ball
boy
cup
eat
five
five
vl|speak
va
va
l|speak
val
val
fiv
e|speak
valr
val
r|speak
vale
val
e|speak
vale
valer
ball
ball
ball
ball
cball
cball
c|speak
ball
a|speak
ca
ca
cat
ball
catball
boycatball
boyca
boyca
z|speak
o|speak
oo|speak
zo
oo|speak
boycaoo
z|speak
oo|speak
zoo
z|speak
oo|speak
a|speak
boycaooz
a|speak
boycaooza
boycaoo
za
zaa
zaaz
boyca
zaazoo
zaazoo
zaazoo
tball
boycatball
b|speak
oycatball
chair
bzaazoo
bzaazoo
bzaazoo
oycatball
oycatball
oycatball
bzaazoo
bzaa
zoo
zoo
zoo
zoooycatball
cage
cagechew
ah
cat
ballf
o|speak
catf
mf|speak
away
catfm
ballfmf
ballballfmf
x|speak
ballballfmf
m|speak
m|speak
dl|speak
vd|speak
vdm|speak
vdml|speak
st|speak
stu
zx|speak
vdmlzoo
vdmlzoodl
wzx|speak
vdmlzoodl
stu
stu
catfm
mm|speak
z|speak
mm|speak
w|speak
tu
tuv
tuvw
sn|speak
snx|speak
snxtuvw
snxtuvw
snxtuvw
zoozoo
armj
zoozooaway
zoozooaway
zoozooaway
zoozooaway
zoozooaway
z|speak
armj
armj
armj
armj
wo
xy|speak
woz
ball
wozw
wozwf
wozwfxy
wing
wozwfxy
wozwfxy
usual
usual
ball
ballcat
n|speak
uu|speak
c|speak
uuo|speak
xf|speak
ku
dxf|speak
fuuo
mf|speak
mff|speak
kd|speak
n|speak
dxfe
ekd
wn|speak
nz|speak
pnz|speak
oekd
tku
dxfetku
ofuuo
uuo|speak
of
uuo|speak
zi
zig
zigg
ziggy
ziggy
ziggy
ziggy
ziggy
ziggy
ziggy
ziggy
ziggy
z|speak
ziggy
ziggy
ziggy
catziggy
catziggy
catziggy
catziggy
catziggy
catziggy
catziggy
ziggy
cat
ziggy
ziggy
catcage
cat
cage
chairchew
coinchairchew
coinchairchew
coinchairchew
coinchairchew
coinchairchew
cupear
cupcupear
cupcupear
fivecupcupear
gohead
gogohead
gogogohead
gogogogohead
w|speak
gogogogogohead
w|speak
gogogogogohead
homehead
homehomehead
zoohomehomehead
cage
cat
cat
boy
boy
boy
t|speak
m|speak
n|speak
nw|speak
black
black
ball
chew
cup
cup
cup
cup
five
five
five
foot
go
head
home
home
head
ball
ball
blue
blue
blueball
blueball
blueball
wz|speak
wz|speak
wz|speak
hwz|speak
hwz|speak
hwz|speak
zhwz|speak
zhwz|speak
blueballzhwz
blueballzhwz
blueballzhwz
gi
gih
egih
egihf
egihf
blueballzhwz
egihf
egihf
egihf
egihf
egihf
egihf
egihf
egihf
egihf
egihf
egihf
egihf
ab
abc
abcd
ef
abcdef
gh|speak
abcdefgh
abcdefghi
abcdefghi
abcdefghi
abcdefghi
abcdefghi
abcdefghi
abcdefghi
ca
cat
ef
eff
eff
effa
effa
effaw
effawx
effawxy
effawxyz
effawxyzr
effawxyzrs
effawxyzrs
effawxyzrs
ba
ll|speak
blue
m|speak
l|speak
ballv
s|speak
ballv
ball
v|speak
ball
catv
x|speak
ball
t|speak
t|speak
z|speak
ol
ola
olaf
zooolaf
zooolaf
zooolaf
zoool
af
zooo
zooo
acat
an
n|speak
ann
a|speak
cat
anna
anna
el
she
el
el
el
els
els
elsa
annacat
ballannacat
ballanna
cat
ballannacat
ballannacat
ballannacat
b|speak
allannacat
allannacat
allannac
at
allannac
allannac
allannac
allannac
allannacat
acat
allannacat
allannacat
allanna
cat
al
lanna
sc|speak
sca
scar
ol
ol
ola
olaf
olaf
olaf
olaf
si
sim
simb
simba
su
suz
suzz
suzz
suzz
wo
woo
wood
woody
woody
fish
ball
catball
bu
buz
buzz
buzz
buzz
ew
ew
we
wen
wend
wendy
wendy
wendy
wendy
wendy
put
put
wendy
ol
ola
olaf
ol
olf
ol
f|speak
ola
olaf
olaf
olaf
olaf
olaf
olaf
az
azu
zazu
zazu
zazu
zazu
zazu
zazu
ml|speak
aml
aml
am
l|speak
sl|speak
a|speak
m|speak
slm|speak
slmb|speak
slmba
slmba
slmba
slmba
w|speak
cha
ir
chair
kc|speak
kc|speak
cat
catt
catt
ca
tt|speak
i|speak
cagecage
caj
k|speak
wingn
c|speak
usualwingn
ballcat
ballcat
ballcat
do
rd|speak
singtoy
singtoyfoot
singtoyfoot
singtoyfoot
o|speak
x|speak
friendplay
friendplay
friendplay
friend
sing
sing
sing
vo
wb|speak
de
dep
wbm|speak
wbmm|speak
wwbmm|speak
depr
deprwwbmm
pv|speak
deprwwbmmpv
deprwwbmmpv
vw|speak
deprwwbmmpv
deprwwbmmpv
deprwwbmmpv
deprwwbmmpv
deprwwbmmpv
deprwwbmmpv
deprwwbmmpv
deprwwbmmpv
vovw
vovw
vovw
vovw
vovw
vovw
bu
buz
buzz
buzz
buzz
buzz
buzz
buzz
lm|speak
slm|speak
slmb|speak
slmba
slmba
slmba
a|speak
l|speak
ae|speak
a|speak
e|speak
el
els
aball
ball
a|speak
ball
aball
aball
cat
a|speak
ball
ballels
ball
els
aball
a|speak
ball
aels
a|speak
els
elsa
z|speak
u|speak
u|speak
u|speak
aelsa
zaelsa
zaelsa
zae
lsa
za
ez
ezball
ez
ball
e|speak
z|speak
z|speak
z|speak
z|speak
zaz
zazu
szazu
szazuball
s|speak
zazuball
s|speak
si
n|speak
sin
sink
zazuball
zazuball
f|speak
fl|speak
li
ao|speak
sink
ao|speak
sink
a|speak
o|speak
f|speak
af
af
af
l|speak
i|speak
laf
olaf
dw|speak
ballcat
s|speak
s|speak
ballca
t|speak
ballca
uv
lt|speak
mlt|speak
mltc|speak
a|speak
ab
mltcab
w|speak
w|speak
mltcabw
mltcabwuv
mltcabwuvx
mltcabwuvxo
mltcabwuvxo
zoo
mltcabwuvxo
fo
f|speak
o|speak
fo
l|speak
f|speak
o|speak
u|speak
ol
ol
ola
ola
olaf
olaf
olaf
u|speak
u|speak
uolaf
ball
cat
blueboy
ballaway
zd|speak
zd|speak
z|speak
za
zaz
zazu
zazu
sc|speak
asc
asc
a|speak
sc|speak
sca
scar
s|speak
s|speak
si
king
king
king
a|speak
queen
m|speak
m|speak
s|speak
m|speak
m|speak
m|speak
m|speak
m|speak
m|speak
m|speak
m|speak
m|speak
m|speak
m|speak
na
n|speak
a|speak
na
nna
anna
ballo
ol
ol
ola
olaf
olaf
olaf
u|speak
nn|speak
ann
anna
olaf
x|speak
es
esl
aw
a|speak
w|speak
esla
esla
wballo
annawballo
esla
esla
esla
uv
uvz
uvz
eslauvz
eslauvz
ballcat
an
ann
anna
anna
king
ol
ol
ola
olaf
olaf
ball
ball
cat
cat
fly|speak
fly|speak
fly|speak
fly|speak
fly|speak
fly|speak
fly|speak
fly|speak
fly|speak
fly|speak
fly|speak
fly|speak
snow
snow
friend
friend
friend
we
wen
wend
wendy
le
sle
el
els
aels
el
els
elsa
do
dor
el
els
elsa
king
elsa
elsa
el
els
elsa
an
ann
anna
anna
za
zaz
zaza
zazau
au|speak
zaz
au|speak
a|speak
u|speak
zazu
zazu
fish
fish
fish
fish
fish
blue
bu
buz
buzz
ne
nem
nemo
nemo
ball
ball
ne
nem
nem
nem
nem
nem
nemo
nemo
nemo
nemo
za
zaz
zazu
zazu
zazu
zazu
o|speak
do
dor
dor
dorl
dorl
dorl
bu
buz
buzz
buzz
buzz
we
wen
wend
wendy
sl|speak
slm|speak
slmb|speak
slmba
slmba
slmba
sc|speak
sc|speak
sca
scar
scar
scar
scar
ne
nem
o|speak
nemo
zz|speak
zzz|speak
zzzz|speak
zzzzz|speak
zzzzzz|speak
zzzzzzz|speak
zzzzzzzz|speak
zzzzzzzzz|speak
zzzzzzzzzz|speak
zzzzzzzzzzz|speak
zzzzzzzzzzz|speak
zzzzzzzzzzz|speak
zzzzzzzzzzz|speak
zz|speak
zzz|speak
r|speak
zr|speak
zz|speak
zr|speak
z|speak
zzzz|speak
zzzzz|speak
zzzzzz|speak
zzzzzzz|speak
zzzzzzzzz|speak
zzzzzzzzzz|speak
zzzzzzzzzzz|speak
zzzzzzzzzzz|speak
zzzzzzzzzzz|speak
zzzzzzzzzzz|speak
zzzzzzzzzzz|speak
zzzzzzzzzzz|speak
zoo
zoozzzzzzzzzzz
zooz
zoozo
zoozoo
zoozoo
nn|speak
op
fzoozoo
opg
pg|speak
opgpg
nnopgpg
fzoozoonnopgpg
ii|speak
iii|speak
iiii|speak
iiiii|speak
iiiiii|speak
iiiiiii|speak
iiiiiiii|speak
iiiiiiiii|speak
iiiiiiiiii|speak
ii|speak
iiiiiiiiiiii|speak
iiiiiiiiiiii|speak
iiiiiiiiiiii|speak
iiiiiiiiiiii|speak
iiiiiiiiiiii|speak
iiiiiiiiiiii|speak
ball
ll|speak
ba
ll|speak
toy
b|speak
a|speak
x|speak
cat
u|speak
ua|speak
v|speak
put
put
ntoy
uee|speak
q|speak
uee|speak
catu
ca
tu
vuee
ballcat
cs|speak
csr|speak
csra
pirate
pirate
story
story
story
m|speak
eat
w|speak
w|speak
w|speak
w|speak
w|speak
w|speak
zz|speak
zzz|speak
zzzz|speak
zzzzz|speak
zzzzzz|speak
zzzzzzn|speak
a|speak
zzzzzznz|speak
zzzzzznzz|speak
zzzzzznzzi
zzzzzznzzi
zzzzzznzzi
zzzzzznzzi
zzzzzznzzi
zzzzzznzzi
zzzzzznzzi
zzzzzznzzi
zzzzzznzzi
zzzzzznzzi
zzzzzznzzi
zzzzzznzzi
zzzzzznzzi
zzzzzznzzi
zzzzzznzzi
zzzzzznzzi
zzzzzznzzi
zzzzzzznzzi
dg|speak
lb|speak
storys
lbstorys
lbstorysdg
lbstorysdg
lbstorysdg
lbstorysdg
lbstorysdg
lbstorysdg
lbstorysdg
lbstorysdg
e|speak
bf|speak
h|speak
cd|speak
eh
bfeh
gbfeh
cdgbfeh
acdgbfeh
acdgbfeh
k|speak
jm|speak
nacdgbfeh
jmnacdgbfeh
jmnacdgbfeh
jmnacdgbfeh
jmnacdgbfeh
jmnacdgbfeh
jmnacdgbfeh
jmnacdgbfeh
jmnacdgbfeh
jmnacdgbfeh
jmnacdgbfeh
jmnacdgbfeh
jmnacdgbfeh
jmnacdgbfeh
jmnacdgbfeh
jmnacdgbfeh
jmnacdgbfeh
jmnacdgbfeh
jmnacdgbfeh
jmnacdgbfeh
jmnacdgbfeh
jmnacdgbfeh
jmnacdgbfeh
oh
oh
ooh
kooh
kooh
kooh
kooh
jam
boyplay
bc|speak
story
ball
vv|speak
vvv|speak
vvvv|speak
king
toy
toy
story
story
story
swim
swim
swim
swim
n|speak
kball
kb|speak
all
k|speak
b|speak
ball
s|speak
si
n|speak
peter
sin
sin
sink
cat
cat
cat
cat
cat
sinkcat
sinkcat
sinkcat
sinkcatball
sinkc
catball
tball
ca
tball
tball
t|speak
ball
cat
catball
catb
all
cat
b|speak
ball
ball
w|speak
w|speak
e|speak
e|speak
z|speak
n|speak
we
wen
wend
wendy
e|speak
sinkwendy
s|speak
sink
wendy
toy
sea
ewendy
e|speak
ewendy
wendy
e|speak
wendy
el
s|speak
els
elsa
j|speak
sinka
a|speak
n|speak
an
ball
ann
ka
sin
sinka
sink
a|speak
anna
anna
elsa
anna
f|speak
lo
l|speak
o|speak
l|speak
l|speak
oelsa
cat
oe|speak
lsa
cat
oe|speak
afl
oelsa
cat
o|speak
elsa
afl
l|speak
ol
a|speak
fa
ball
ba
t|speak
bu
buz
buzz
w|speak
yo
y|speak
o|speak
toy
wo
woo
b|speak
b|speak
wooy
y|speak
woo
y|speak
yd|speak
wooy
wooyd
woo
yd|speak
yd|speak
woo
wooy
swim
oy
wo
oy
wooy
wooy
woo
wooy
woo
y|speak
wood
woody
woody
si
sim
simb
simba
cs|speak
csa
csar
cs|speak
ar
ar
car
scar
za
zaz
za
zaz
zazu
w|speak
wo
woo
woof
usualturn
a|speak
an
a|speak
n|speak
nn|speak
nna
anna
anna
anna
ts|speak
m|speak
mu
tsmu
tsmu
tsmu
tsmu
black
vtsmu
vtsmu
vtsmu
vtsmu
black
black
vtsmus
vtsmusu
vtsmusut
vtsmusut
vtsmusut
ball
cat
catball
catball
catball
catball
mo
mox
mox
moxcatball
el
els
elsa
elsa
na
nna
anna
tu
vw|speak
vwb|speak
tuvwb
tuvwb
tuvwbw
tuvwbw
peteranna
zoopeteranna
tuvwbw
moxcatball
peter
apeter
me
me
meapeter
meapeter
meapeter
meapeteru
ball
el
els
el
els
y|speak
els
elsa
elsa
s|speak
caty
we
wen
wend
wendy
elsawendy
awendy
els
awendy
a|speak
wendym
wendym
wendy
m|speak
nball
wendy
ol
ola
olaf
elswendy
olaf
olaf
olaf
cat
acat
an
ann
ball
cat
cat
cat
king
king
peter
peter
king
lion
peter
peter
peter
peter
peter
lion
lion
peter
peter
peter
lionpeter
king
king
toy
king
lion
lionpeter
lionpeter
lionpeter
wingwing
zoo
peter
peter
lion
lionpeter
lionpeter
queen
red
queen
queenred
chew
coinchew
coinchew
chew
chew
chew
chew
chew
f|speak
si
sin
sing
ru
n|speak
run
swim
w|speak
bu
zz|speak
buzz
buzz
buzz
buzz
buzz
pu
pum
pumb
pumba
sc|speak
sca
c|speak
sc|speak
sca
scar
scar
scar
b|speak
all
b|speak
bu
buz
buzz
buzzb
buzzbu
bu
buz
buzz
z|speak
buzzb
buzzbu
wo
woo
wood
woody
woody
woody
ba
ll|speak
ball
ballball
bluecat
allball
b|speak
allball
blackb
bluecat
threeblack
blackb
blackb
the
th|speak
reeblack
blac
kb|speak
catball
catball
catball
zoozoo
zoozoo
zoozoozoozoo
zoozoozoozoo
ac|speak
sc|speak
sca
scar
scar
scar
scar
scar
o|speak
lo
alo
vo
vl|speak
fo
fo
oo|speak
ooo|speak
oooo|speak
toy
king
king
king
o|speak
l|speak
lcat
lc|speak
l|speak
cat
la
la
l|speak
a|speak
cat
ol
ola
catball
olaf
l|speak
acatball
la
ola
olaf
olaf
a|speak
catball
catball
c|speak
atball
a|speak
tball
all
tb|speak
all
c|speak
t|speak
b|speak
ab
abc
abc
a|speak
b|speak
c|speak
all
n|speak
an
ann
c|speak
bc|speak
a|speak
ll|speak
anna
olaf
l|speak
l|speak
t|speak
ll|speak
l|speak
al
alball
s|speak
alball
al
ball
als
alsa
fl|speak
oa|speak
oa|speak
oa|speak
o|speak
a|speak
fl|speak
f|speak
l|speak
fl|speak
ofl
aofl
aof
l|speak
ao|speak
f|speak
aol
a|speak
ol
s|speak
ola
olaf
pu
pu
pu
pu
pum
u|speak
pu
m|speak
pum
pumb
pumb
pumba
pumba
za
zaz
zazu
ci
ci
sea
wing
to
tot
oo|speak
oor
or
o|speak
or
toto
totor
totoro
totoro
totoro
totoro
ltotoro
se
ase
ase
as
e|speak
a|speak
s|speak
sa
esa
esa
es
a|speak
esa
e|speak
sa
el
elsa
elsa
sv|speak
sve
sven
sven
ball
ball
sl|speak
slm|speak
sl|speak
slm|speak
slmb|speak
slmba
slmba
slmba
slmba
lmba
s|speak
lmba
l|speak
mba
si
simba
ballcat
ju
ju
jum
jump
ball
ball
ball
ball
ball
ball
ball
ball
ball
ball
ball
ball
ball
ball
ball
ball
ball
ball
ball
ball
ball
ball
ball
ball
ball
ball
ball
ball
ball
ball
ball
ball
ball
ball
ball
ball
ball
ball
ball
ball
ball
ball
ball
ball
ball
ball
ball
ball
ball
ball
ball
ball
three
three
three
three
three
three
three
three
three
three
three
three
turn
owl
owl
o|speak
oo|speak
ooo|speak
oooo|speak
oooo|speak
oooo|speak
oooo|speak
home
home
home
home
home
home
eat
chair
chair
usual
usual
usual
usual
usual
usual
ballcat
ballcat
si
si
sim
simb
simba
ball
ball
ball
ball
ball
ball
ball
ball
ball
ball
ball
ball
ball
boycat
z|speak
mb|speak
mb|speak
mb|speak
mb|speak
mb|speak
mb|speak
mb|speak
za
zaz
zazu
do
we
wen
wend
wendy
wendy
wendy
s|speak
ma
ma
zoo
zoo
wo
woo
wood
wo
woo
wood
woody
woodyb
woodybu
wo
woo
wood
woody
woodyw
woodywo
woodywoo
woodywood
woodywoody
story
a|speak
va
val
vale
um
u|speak
m|speak
um
ball
u|speak
m|speak
mu
muf
f|speak
muff
muffi
y|speak
muffin
muffin
u|speak
ucat
ucat
ucat
ucat
l|speak
fo
muffinfo
muffinfol
muffinf
fol
muffin
muffinf
ol
muffin
f|speak
olf
muffinolf
muffinolf
muffin
muffinol
muffinol
muffin
ol
ola
olaf
olaf
olaf
olaf
ucatball
s|speak
s|speak
bo
b|speak
o|speak
bo
nbo
nb|speak
o|speak
s|speak
so
soo
nb|speak
nb|speak
n|speak
b|speak
soob
soobi
soobin
soobin
ballcat
ballcat
c|speak
tu
stu
stux
stuxz
stuxzy
ww|speak
stuxzyww
stuxzywwv
pq|speak
k|speak
kl|speak
oj
klm|speak
ojklm
opq
ojklmopq
rn|speak
ojklmopqrn
ojklmopqrnn
ojklmopqrnn
ojklmopqrnn
ojklmopqrnn
ojklmopqrnn
ojklmopqrnn
za
zaz
x|speak
zazu
pu
pum
pumb
zazua
zazu
a|speak
pumba
sc|speak
sca
zazuc
zazucs
zazucs
zazu
cs|speak
acs
ac|speak
s|speak
a|speak
c|speak
ac|speak
sac
sa
c|speak
s|speak
a|speak
sc|speak
sca
scar
wv|speak
wvv|speak
zoo
ai|speak
cai
cai
cai
cai
ca
ca
cat
c|speak
c|speak
ca
cat
cat
sn|speak
v|speak
sna
snad
zoo
zoo
ball
cat
catball
to
to
toto
toto
totor
totoro
totoro
totoro
to
to
toz
toz
tozr
ef
eff
effi
g|speak
effie
ca
cat
catw
sl|speak
slm|speak
slmb|speak
a|speak
r|speak
aslmb
a|speak
aslmb
aslmb
slmb|speak
a|speak
slmb|speak
slmba
catw
catball
to
to
tot
toto
totor
totoro
totoro
totoro
totoro
peter
peter
lion
lion
lion
peter
ne
nem
nemo
nemo
nemo
king
king
kingnemo
gnemo
el
els
elsa
elsa
kingelsa
we
wen
wend
wendy
wendy
wendy
wendye
wendye
wendyel
wendyels
wendyelsa
kingwendyelsa
catball
catball
catball
catball
catball
catball
z|speak
s|speak
st|speak
o|speak
m|speak
n|speak
le
len
stlen
stlen
stlen
leno
leno
le
no
lem
no
stlem
tlem
stlem
stl|speak
em
stl|speak
st|speak
l|speak
lno
emlno
t|speak
ti
tito
tito
tito
tito
ew
ew
ew
e|speak
w|speak
fst|speak
fs|speak
t|speak
efs
ef
st|speak
ef
ef
ef
ef
ef
ef
ef
ef
titoemlno
toy
story
t|speak
oy
eft
eft
ball
ball
cat
catball
catball
ic
ici
icin
icing
we
wen
we
wen
we
wen
wend
wendy
wendye
wendye
wendye
wendye
we
wen
wend
wend
ni
i|speak
ic
nic
nico
nico
nico
nico
nico
oy
oyd
wo
woo
wood
woody
woody
ue|speak
wue
le
sle
asle
asle
asle
s|speak
an
ann
anna
anna
anna
aa|speak
nn|speak
a|speak
a|speak
nna
anna
anna
anna
lz|speak
l|speak
z|speak
ee|speak
lh|speak
e|speak
e|speak
elh
elhs
elhs
elhs
z|speak
za
zaz
zazu
pu
m|speak
pum
pumb
apumb
apumb
a|speak
pumb
pumba
e|speak
we
w|speak
e|speak
el
els
els
elsa
n|speak
n|speak
n|speak
a|speak
an
an
ann
anna
bu
buz
buzz
catball
w|speak
o|speak
to
tot
peter
u|speak
to
tot
toto
ball
toy
snow
snow
snow
snow
snow
snow
snowsnow
snowsnow
snowsnow
snowsnow
snowsnow
snowsnow
snowsnow
snowsnowu
snowsnowu
snowsnowu
friend
playfriend
playfriend
playfriend
snowsnowu
wsnowsnowu
wsnowsnowu
wsnowsnowu
tu
i|speak
i|speak
stu
stux
stuxy
stuxyz
stuxyz
stuxyz
stuxyzz
stuxyzzi
xy|speak
xy|speak
xy|speak
wsnowsnowuxy
wsnowsnowuxy
mv|speak
za
zaz
zazu
zazue
l|speak
zazuel
zazuels
zazuelsa
kzazuelsa
we
wen
wend
wendy
wendy
wendye
wendyel
s|speak
wendyels
wendyelsa
kite
kite
wendyelsa
iwendyelsa
kiwendyelsa
balle
sballe
s|speak
balle
sl|speak
sle
sle
sle
sle
sle
asle
asle
asle
asle
asle
asle
asle
asle
asle
asle
asle
ball
sv|speak
e|speak
sve
e|speak
sv|speak
sve
sven
i|speak
v|speak
bu
buz
buzz
b|speak
bu
buz
buzz
buzzw
buzzwo
buzzwoo
bu
bu
buz
buzz
buzzw
buzzwo
buzzwoo
buzzwood
buzzwoody
buzzwoody
buzzwoodys
buzzwoodysc
buzzwoodysc
buzzwoodysc
buzzwoodys
buzzwoody
s|speak
buzzwoody
buzzwoody
bu
buz
buzz
buzzn
buzzni
buzznic
buzznico
buzznico
buzz
nico
buzznico
bal
l|speak
ubal
sing
lubal
lubal
z|speak
v|speak
toy
catlubal
redcatlubal
ballcat
ballcat
sv|speak
sve
sven
el
els
els
elsa
ol
s|speak
ola
olaf
olaf
olaf
olaf
olafw
do
dor
dori
ball
ball
ball
an
ann
anna
sl|speak
sln|speak
slng|speak
annaslng
annaslng
annaslng
ol
fa
ball
f|speak
a|speak
ola
olaf
ball
olaf
ball
a|speak
n|speak
a|speak
na
nna
anna
anna
ball
cat
anna
olaf
anna
anna
ne
dne
wdne
wdney
wdney
olafcat
w|speak
dney
d|speak
ney
dney
ney
d|speak
ney
wney
wney
wney
wne
y|speak
w|speak
ne
n|speak
e|speak
we
ball
wen
wend
wendy
wendy
wendy
wendy
ball
anna
wendy
g|speak
n|speak
el
els
elsa
elsa
lionking
u|speak
lionking
lionking
sc|speak
sca
scar
car
s|speak
car
c|speak
ar
sar
csar
c|speak
sar
s|speak
ar
lionking
kinglionking
kinglionking
lionkinglionking
glionking
lionkin
glionking
lionkinglionking
zoolionkinglionking
zoolionkinglionking
zoolionkinglionking
olionkinglionking
zo
olionkinglionking
lionking
zoolionking
lionpeter
lionking
icelionking
jamjam
jamjamjam
jamjamjamice
jamjamjamice
redqueen
redqueen
fishswim
seafishswim
sea
fishswim
fishs
wim
fishswim
hswim
fis
hswim
fishswim
fish
swim
seaswim
fishseaswim
fishseaswim
fishs
easwim
ea|speak
swim
fish
sea
fishswim
lionking
i|speak
i|speak
ry|speak
ei|speak
eim
eim
ei|speak
m|speak
am
ei|speak
e|speak
i|speak
iam
i|speak
am
r|speak
y|speak
ram
eram
lion
e|speak
ram
iram
yiram
yiram
eyiram
eyiram
eyiram
eyiram
eyira
m|speak
ra
eyi
r|speak
a|speak
ma
e|speak
er
mai
e|speak
r|speak
ma
i|speak
ei|speak
mar
ei|speak
e|speak
i|speak
e|speak
mari
marie
marie
mari
e|speak
mariy
mariye
mariye
c|speak
ct|speak
act
act
actmariye
actmariye
actmariye
actmariye
ball
cat
cat
catball
catball
el
els
elsa
elsas
elsasi
elsasin
elsasing
elsasing
mn|speak
mnw|speak
mnwx|speak
mnwxz|speak
mnwxzr|speak
mnwxzr|speak
mnwxzry|speak
mnwxzry|speak
mnwxzry|speak
elsasingmnwxzry
elsasingmnwxzry
to
tot
toto
to
to
tot
toto
totor
totor
totoro
totoroelsasingmnwxzry
totoroelsasingmnwxzry
totoroelsasingmnwxzry
to
tototoroelsasingmnwxzry
toto
toroelsasingmnwxzry
tototoroelsasingmnwxzry
tototoroelsasingmnwxzry
tu
tu
d|speak
h|speak
ne
n|speak
ne
nem
nemo
king
chair
head
head
head
head
head
head
head
head
head
we
wen
wend
wendy
wendyl
wendyli
wendyli
cate
balll
cat
e|speak
ball
l|speak
el
scat
scat
s|speak
cat
sel
s|speak
el
els
wing
a|speak
elsa
elsa
swim
ol
ola
olaf
olafl
olafli
olaflik
olaflike
olaflikes
olaflikesw
olaflikeswa
olaflikeswa
olaflikeswa
olaflikeswa
y|speak
ca
cat
cats
catsp
catspu
catspur
catspurr
catspurr
pa
lpa
lpa
lpa
ap
apl
apl
apl
vs|speak
vsw|speak
sw|speak
v|speak
sw|speak
vsw|speak
vs|speak
w|speak
wvs|speak
a|speak
n|speak
at
atn
ai|speak
a|speak
i|speak
atni
atnia
atnia
aplatnia
wvsaplatnia
am
iam
am
i|speak
a|speak
m|speak
ma
mar
mary
maryi
maryie
maryie
maryie
el
els
elsa
elsaw
elsawe
elsawen
elsawend
el
els
elsa
elsaw
elsawe
el
el
el
els
elsa
elsaw
el
els
elsa
elsaw
elsawe
l|speak
elsawen
elsawend
elsawendy
elsawendya
elsawendyan
elsawendyann
a|speak
yann
elsawend
ann
y|speak
ann
elsawendy
bu
buz
buzz
buzzb
buzzbu
buzzbuz
buzzbuzz
buzzbuzzw
wo
woo
wood
woody
woodyn
woodyni
woodynic
woodynico
woodynico
um
umx
uo|speak
pl|speak
vv|speak
gx|speak
gvv|speak
umxgvv
vo
fgx|speak
umxgvvvo
umxgvvvouo
umxgvvvouon
vpl|speak
vpld|speak
vpldc|speak
vpldcfgx|speak
vpldcfgxw|speak
vpldcfgxwx|speak
vpldcfgxwx|speak
umxgvvvouon
umxgvvvouon
umxgvvvouon
ballcat
cage
cage
cageballcat
cageballcat
u|speak
m|speak
m|speak
m|speak
v|speak
s|speak
boycageballcat
s|speak
boyca
geballcat
boycageballcat
tboycageballcat
threeturn
sure
tboycageballcat
threeturn
boycageballcat
t|speak
boycageballcat
threeturn
t|speak
blue
boycageballcat
boycageballcat
boycage
ballcat
catball
n|speak
v|speak
an
ann
anna
ol
ola
olaf
olaf
olaf
el
el
els
elsa
ol
ka
ka
ola
vy|speak
zr|speak
wzr|speak
wzri
vyz|speak
wzrivyz
wzrivyz
wzrivyzx
wzrivyzx
wzrivyzx
wzrivyzx
wzrivyzx
wzrivyzx
cats
catsp
catspu
catspus
catspuss
catspuss
ca
c|speak
a|speak
ca
cat
cats
catsp
catspu
catspur
catspurr
catspurr
catspurr
ol
ola
olaf
olaf
is
olafis
olafis
olafis
olafisd
olafisdr
olafisdri
olafisdrin
olafisdrink
olafisdrink
olafisdrinks
ne
nem
nemo
nemos
nemosw
nemoswi
nemoswim
nemoswims
ball
cat
cat
ballcat
ballcat
ballc
at
ball
cat
catball
catball
catballm
catballm
ef
eff
effi
d|speak
effie
effiecatballm
effiecatballm
vw|speak
vwx|speak
vwx|speak
vwx|speak
vwxz|speak
vwxzf|speak
vwxzfe
vwxzfef
vwxzfeff
vwxzfeffi
vwxzfeffie
vwxzfeffie
ew
ew
ew
ew
ew
ew
ew
ew
ew
ew
ew
ew
ewi
ewi
ewi
ewi
w|speak
ball
ca
cat
cats
catsp
catspu
catspur
catspurr
cat
i|speak
t|speak
sa
ct|speak
ctr|speak
c|speak
tr|speak
ctr|speak
c|speak
tr|speak
trp|speak
s|speak
a|speak
ca
t|speak
rp|speak
ru
cat
cat
cats
r|speak
p|speak
catsp
r|speak
u|speak
catspu
catspur
catspurr
catspurr
catspurr
king
peter
zoo
zoo
bu
buz
buzr
bu
zr|speak
zr|speak
buz
buzz
king
buzzr
buzzre
buzzrea
buzzreal
vl|speak
v|speak
l|speak
buzzreall
buzzreally
d|speak
buzzreallyc
buzzreallyc
toy
fish
buzzreallyc
sea
buzzreallyca
buzzreallyca
reallyca
buzzreallyca
buzzreallyca
buzzreallyca
buzzreallyca
boy
boy
el
els
elsa
elsaw
elsawe
elsawen
elsawend
elsawendy
elsawendya
elsawendyal
el
els
elsa
el
els
el
els
elsa
elsaa
elsaan
elsaann
elsaanna
elsaannaw
elsaannawe
elsaannawen
d|speak
elsaannawend
y|speak
y|speak
y|speak
y|speak
elsaannawend
elsaannawend
elsaannawend
elsaannawend
elsaannawend
elsaannawend
cat
ball
catball
catb
all
all
nm|speak
pnm|speak
opnm
mv|speak
lu
n|speak
mc|speak
l|speak
lumv
u|speak
nd|speak
lumvopnm
v|speak
oe|speak
boe
lf|speak
kw|speak
lfboe
x|speak
nnd|speak
xy|speak
ovn
xynnd|speak
lumvopnmoe
mcovn
mcovnp
mcovnpxynnd
kwlfboe
v|speak
dg|speak
dgx|speak
dgxo
dgxoo
dgxoow
dgxoowz
dgxoowzo
kwlfboev
on
mo
nmo
onmo
kwlfboevd
kwlfboevd
kwlfboevdon
vw|speak
vww|speak
vwww|speak
lumvopnmoe
vwwwz|speak
vwwwzo
vwwwzoo
vwwwzooo
vwwwzoooo
vwwwzooooo
vwwwzoooooo
lumvopnmoe
lumvopnmoe
vwwwzoooooo
no
noo
nooo
noooo
nooooo
noooooo
nooooooo
noooooooo
nooooooooo
nooooooooo
lumvopnmoe
r|speak
i|speak
catball
v|speak
ab
abc
abcd
abcde
coin
susual
susualf
susualf
v|speak
t|speak
away
usual
u|speak
b|speak
u|speak
z|speak
swim
z|speak
ub
ez
ll|speak
lly|speak
ne
ne
nem
nem
nemo
l|speak
le
le
lee
ee|speak
l|speak
ee|speak
lee
le
e|speak
lem
lemo
lemon
lemon
lemon
lemon
lemon
lemon
xc|speak
nm|speak
cp|speak
d|speak
k|speak
ki
dxc|speak
aki
mdxc|speak
cpmdxc|speak
dm|speak
nmdm|speak
akicpmdxc
wakicpmdxc
lwakicpmdxc
onmdm
onmdmlwakicpmdxc
onmdmlwakicpmdxc
ball
ball
catball
catball
catball
catballx
ef
eff
effi
effie
effie
catballx
catballxeffie
catballxeffie
catballxeffie
catballxeffie
